"Survey", "Description"
"Birds with Nick Fitzgerald", "Survey 1 description"
"Plants with Greg Pitt", "Survey 2 description"
"Slimemoulds with Rob Pergl", "Survey 3 description"
"Freshwater Invertebrates with Todd Walsh", "Survey 4 description"
"Mosses and Lichens with Peter Gell", "Survey 5 description"
"Orchids with Richard Newport", "Survey 6 description"
"Fungi with Nick Fitzgerald", "Survey 7 description"
"Insects with Greg Pitt", "Survey 8 description"
"Birds and Mammals with Rob Pergl", "Survey 9 description"
"Orchids & Frogs with Todd Walsh", "Survey 10 description"
"Invertebrates with Peter Gell", "Survey 11 description"
"Bryophytes with Richard Newport", "Survey 12 description"
"Macro Photography Workshop with Nick Fitzgerald", "Survey 13 description"
"Freshwater Crayfish with Greg Pitt", "Survey 14 description"
"Mammals, Spotlighting and Frogs with Rob Pergl", "Survey 15 description"
"Mammals, Scats & Traces & Pack down cameras with Todd Walsh", "Survey 16 description"
"Art Installation with Peter Gell", "Survey 17 description"
"Diatom algae with Richard Newport", "Survey 18 description"
"Waterbugs with Rob Pergl", "Survey 19 description"
